-- MySQL dump 10.13  Distrib 8.0.42, for Win64 (x86_64)
-- Updated by Ram on 2nd sep
-- Host: localhost    Database: mxinfotech
-- ------------------------------------------------------
-- Server version	8.0.42

/*!40101 SET @OLD_CHARACTER_SET_CLIENT=@@CHARACTER_SET_CLIENT */;
/*!40101 SET @OLD_CHARACTER_SET_RESULTS=@@CHARACTER_SET_RESULTS */;
/*!40101 SET @OLD_COLLATION_CONNECTION=@@COLLATION_CONNECTION */;
/*!50503 SET NAMES utf8mb4 */;
/*!40103 SET @OLD_TIME_ZONE=@@TIME_ZONE */;
/*!40103 SET TIME_ZONE='+00:00' */;
/*!40014 SET @OLD_UNIQUE_CHECKS=@@UNIQUE_CHECKS, UNIQUE_CHECKS=0 */;
/*!40014 SET @OLD_FOREIGN_KEY_CHECKS=@@FOREIGN_KEY_CHECKS, FOREIGN_KEY_CHECKS=0 */;
/*!40101 SET @OLD_SQL_MODE=@@SQL_MODE, SQL_MODE='NO_AUTO_VALUE_ON_ZERO' */;
/*!40111 SET @OLD_SQL_NOTES=@@SQL_NOTES, SQL_NOTES=0 */;

--
-- Table structure for table `batch`
--

DROP TABLE IF EXISTS `batch`;
/*!40101 SET @saved_cs_client     = @@character_set_client */;
/*!50503 SET character_set_client = utf8mb4 */;
CREATE TABLE `batch` (
  `batchid` varchar(255) NOT NULL,
  `coursename` varchar(255) DEFAULT NULL,
  `duration` int NOT NULL,
  `status` varchar(255) DEFAULT NULL,
  `trainer` varchar(255) DEFAULT NULL,
  PRIMARY KEY (`batchid`)
) ENGINE=InnoDB DEFAULT CHARSET=utf8mb4 COLLATE=utf8mb4_0900_ai_ci;
/*!40101 SET character_set_client = @saved_cs_client */;

--
-- Dumping data for table `batch`
--

LOCK TABLES `batch` WRITE;
/*!40000 ALTER TABLE `batch` DISABLE KEYS */;
INSERT INTO `batch` VALUES ('A1','Autocad',50,'Ongoing','siva'),('AI-1','ai',45,'Ongoing','ramprasad'),('DB-1','digital marketing',90,'Completed','ramprasad'),('JB-1','Java',90,'Ongoing','ramprasad'),('Jb1','python with ai',45,'Upcoming','siva'),('MB-1','MS-Office',45,'Ongoing','ramprasad'),('PB-1','python with ai',90,'Ongoing','mahesh'),('pb2','Java',25,'Ongoing','siva'),('s2','solid works',45,'Upcoming','siva'),('SA-1','solid works',90,'Ongoing','mahesh');
/*!40000 ALTER TABLE `batch` ENABLE KEYS */;
UNLOCK TABLES;

--
-- Table structure for table `courses`
--

DROP TABLE IF EXISTS `courses`;
/*!40101 SET @saved_cs_client     = @@character_set_client */;
/*!50503 SET character_set_client = utf8mb4 */;
CREATE TABLE `courses` (
  `courseid` varchar(255) NOT NULL,
  `coursefee` int NOT NULL,
  `coursename` varchar(255) DEFAULT NULL,
  `duration` int NOT NULL,
  PRIMARY KEY (`courseid`)
) ENGINE=InnoDB DEFAULT CHARSET=utf8mb4 COLLATE=utf8mb4_0900_ai_ci;
/*!40101 SET character_set_client = @saved_cs_client */;

--
-- Dumping data for table `courses`
--

LOCK TABLES `courses` WRITE;
/*!40000 ALTER TABLE `courses` DISABLE KEYS */;
INSERT INTO `courses` VALUES ('1',100000,'ai',90),('2',10000,'python with ai',90),('20',10000,'Autocad',50),('3',20000,'digital marketing',45),('4',10000,'Java',60),('5',10000,'MS-Office',45),('s1',10000,'solid works',45);
/*!40000 ALTER TABLE `courses` ENABLE KEYS */;
UNLOCK TABLES;

--
-- Table structure for table `login`
--

DROP TABLE IF EXISTS `login`;
/*!40101 SET @saved_cs_client     = @@character_set_client */;
/*!50503 SET character_set_client = utf8mb4 */;
CREATE TABLE `login` (
  `id` int NOT NULL AUTO_INCREMENT,
  `username` varchar(255) DEFAULT NULL,
  `password` varchar(255) DEFAULT NULL,
  `email` varchar(255) DEFAULT NULL,
  PRIMARY KEY (`id`)
) ENGINE=InnoDB AUTO_INCREMENT=3 DEFAULT CHARSET=utf8mb4 COLLATE=utf8mb4_0900_ai_ci;
/*!40101 SET character_set_client = @saved_cs_client */;

--
-- Dumping data for table `login`
--

LOCK TABLES `login` WRITE;
/*!40000 ALTER TABLE `login` DISABLE KEYS */;
INSERT INTO `login` VALUES (1,'siva','123','siva@gmail.com'),(2,'MAHESH','1216','mahesh@gmail.com');
/*!40000 ALTER TABLE `login` ENABLE KEYS */;
UNLOCK TABLES;

--
-- Table structure for table `payments`
--

DROP TABLE IF EXISTS `payments`;
/*!40101 SET @saved_cs_client     = @@character_set_client */;
/*!50503 SET character_set_client = utf8mb4 */;
CREATE TABLE `payments` (
  `id` bigint NOT NULL AUTO_INCREMENT,
  `amount_paid` double NOT NULL,
  `batch_code` varchar(255) DEFAULT NULL,
  `course_type` varchar(255) DEFAULT NULL,
  `payment_date` date DEFAULT NULL,
  `phone_number` varchar(255) DEFAULT NULL,
  `remaining_due` double NOT NULL,
  `status_display` varchar(255) DEFAULT NULL,
  `student_id` int NOT NULL,
  `student_name` varchar(255) DEFAULT NULL,
  `term` varchar(255) DEFAULT NULL,
  `total_due` double NOT NULL,
  `totalfee` double NOT NULL,
  PRIMARY KEY (`id`)
) ENGINE=InnoDB AUTO_INCREMENT=23 DEFAULT CHARSET=utf8mb4 COLLATE=utf8mb4_0900_ai_ci;
/*!40101 SET character_set_client = @saved_cs_client */;

--
-- Dumping data for table `payments`
--

LOCK TABLES `payments` WRITE;
/*!40000 ALTER TABLE `payments` DISABLE KEYS */;
INSERT INTO `payments` VALUES (1,2000,'A1','Autocad','2025-08-14','7386515754',3000,'Ongoing',306,'karthik','Term-2',5000,8000),(2,713,'AI-1','AI','2025-08-14','5645407345',5000,'Ongoing',33,'Vignesh Mammen','Term-2',5713,12093),(3,2000,'MB-1','MS-Office','2025-08-14','7386515754',0,'Ongoing',304,'Adahapureddi mahesh','Term-2',2000,8000),(4,1825,'PB-1','Python with AI','2025-08-15','9.16E+11',0,'Ongoing',10,'Mohan Bajwa','Term-2',1825,16402),(5,2000,'AI-1','AI','2025-08-15','9.15E+11',6145,'Ongoing',110,'Divya Ramanathan','Term-2',8145,14738),(6,518,'AI-1','AI','2025-08-15','9.15E+11',5000,'Ongoing',73,'Ravi Sarma','Term-2',5518,11291),(7,612,'MB-1','MS-Office','2025-08-16','2064354513',6000,'Ongoing',131,'Swathi Mahal','Term-2',6612,11538),(8,20000,'AI-1','ai','2025-08-18','7386515754',10000,'Ongoing',305,'srilekha','Term-3',30000,80000),(9,10000,'AI-1','ai','2025-08-18','7386515754',20000,'Ongoing',305,'srilekha','Term-3',30000,80000),(10,10000,'AI-1','ai','2025-08-19','7386515754',20000,'Ongoing',305,'srilekha','Term-2',30000,80000),(11,10000,'AI-1','ai','2025-08-18','7386515754',20000,'Ongoing',305,'srilekha','Term-2',30000,80000),(12,20000,'AI-1','ai','2025-08-18','7386515754',10000,'Ongoing',0,'srilekha','Term-2',30000,0),(13,10000,'AI-1','ai','2025-08-18','7386515754',20000,'Ongoing',0,'srilekha','Term-2',30000,80000),(14,20,'AI-1','ai','2025-08-13','7386515754',29980,'Ongoing',305,'srilekha','Term-3',30000,80000),(15,10000,'AI-1','ai','2025-08-18','7386515754',0,'Ongoing',305,'srilekha','Term-2',20000,80000),(16,10000,'AI-1','ai','2025-08-18','7386515754',0,'Ongoing',305,'srilekha','Term-2',20000,80000),(17,20000,'AI-1','ai','2025-08-19','7386515754',0,'Ongoing',305,'srilekha','Term-3',0,80000),(18,3037,'JB-1','Java','2025-08-19','9.15E+11',0,'Ongoing',264,'Deepa Srinivasan','Term-2',3614,10535),(19,825,'PB-1','Python with AI','2025-08-19','9.16E+11',0,'Ongoing',10,'Mohan Bajwa','Term-2',11217,16402),(20,1000,'PB-1','Python with AI','2025-08-21','9.16E+11',0,'Ongoing',10,'Mohan Bajwa','Term-3',10217,16402),(21,5000,'PB-1','Python with AI','2025-08-21','9.16E+11',0,'Ongoing',10,'Mohan Bajwa','Term-2',5217,16402),(22,2000,'MB-1','MS-Office','2025-08-19','7386515754',0,'Ongoing',303,'Adahapureddi mahesh','Term-2',4000,8000);
/*!40000 ALTER TABLE `payments` ENABLE KEYS */;
UNLOCK TABLES;

--
-- Table structure for table `student`
--

DROP TABLE IF EXISTS `student`;
/*!40101 SET @saved_cs_client     = @@character_set_client */;
/*!50503 SET character_set_client = utf8mb4 */;
CREATE TABLE `student` (
  `id` int NOT NULL AUTO_INCREMENT,
  `address` varchar(255) DEFAULT NULL,
  `course` varchar(255) DEFAULT NULL,
  `coursefee` varchar(255) DEFAULT NULL,
  `discount` varchar(255) DEFAULT NULL,
  `dob` varchar(255) DEFAULT NULL,
  `duefee` double NOT NULL,
  `duration` varchar(255) DEFAULT NULL,
  `email` varchar(255) DEFAULT NULL,
  `gender` varchar(255) DEFAULT NULL,
  `joining_date` varchar(255) DEFAULT NULL,
  `mobile` varchar(255) DEFAULT NULL,
  `name` varchar(255) DEFAULT NULL,
  `qualification` varchar(255) DEFAULT NULL,
  `term_1` varchar(255) DEFAULT NULL,
  `totalfee` double NOT NULL,
  `batch` varchar(255) DEFAULT NULL,
  `status` varchar(255) DEFAULT NULL,
  `paidamount` double NOT NULL,
  PRIMARY KEY (`id`)
) ENGINE=InnoDB AUTO_INCREMENT=308 DEFAULT CHARSET=utf8mb4 COLLATE=utf8mb4_0900_ai_ci;
/*!40101 SET character_set_client = @saved_cs_client */;

--
-- Dumping data for table `student`
--

LOCK TABLES `student` WRITE;
/*!40000 ALTER TABLE `student` DISABLE KEYS */;
INSERT INTO `student` VALUES (1,'H.No. 470, Wali Marg, Raebareli-025909','Python with AI','15974','1805','4/7/1999',9066,'60','ranbir85@chaudhari.com','Male','4/11/2024','9.15E+11','Arun Balasubramanian','Diploma','3623',14169,'PB-1','Upcoming',3623),(2,'726, Mani Path, Bijapur-817966','Autocad','10000','1000','2007-06-01',6000,'50 days','shaancheema@agarwal-madan.biz','Other','2024-11-18','3970255572','Mohan Kunda','B-Tech','3000',9000,'A1','Ongoing',3000),(3,'793, Raja Circle, Durg-653886','Java','13794','1220','10/1/2004',9284,'60','rattanirvi@ahuja.info','Female','8/2/2025','9736368424','Swathi Buch','10th','3361',12574,'JB-1','Ongoing',3361),(4,'H.No. 062, Deshmukh Zila, Ramagundam-981290','AI','16997','1438','8/24/1994',2406,'45','aaryahi64@char-dyal.com','Female','4/6/2024','4154664929','Mohan Deo','10th','4184',15559,'AI-1','Ongoing',6184),(5,'38, Gulati Marg, Sasaram-943391','Python with AI','16870','1720','8/13/1996',1069,'60','upadhyaydrishya@yahoo.com','Male','12/24/2024','6870641794','Karthik Chawla','B.Tech','3868',15150,'PB-1','Upcoming',4068),(6,'863, Ahuja Ganj, Rohtak 455954','Python with AI','21629','1166','7/19/2004',1767,'60','pihukulkarni@shroff-gara.biz','Female','4/25/2024','3050626050','Vignesh Dani','Diploma','3294',20463,'PB-1','Upcoming',3294),(7,'H.No. 55, Raman Path, Katihar-599034','AI','12838','1057','1/29/1997',4149,'90','anaydewan@sarma.com','Female','7/15/2024','8060125836','Karthik Devi','10th','4659',11781,'AI-1','Upcoming',4659),(8,'07, Chokshi Street, Dharmavaram 867675','MS-Office','16457','1232','4/5/1997',2829,'60','balisamarth@gmail.com','Female','5/23/2025','9.20E+11','Swathi Mahajan','B.Tech','3610',15225,'MB-1','Ongoing',3610),(9,'10, Mand Marg, Sambalpur-803826','Java','14525','1186','6/21/2007',1875,'45','cbal@yahoo.com','Others','7/19/2024','1812311978','Swathi Sunder','10th','4977',13339,'JB-1','Upcoming',4977),(10,'97, Arora Nagar, Mahbubnagar 273764','Python with AI','17888','1486','11/16/1994',5217,'90','vdeep@bains.com','Male','8/11/2023','9.16E+11','Mohan Bajwa','B.Tech','4360',16402,'PB-1','Ongoing',11185),(11,'01/990, Warrior Nagar, Karaikudi-496704','AI','22643','1168','4/14/1997',5592,'45','bajajnehmat@gmail.com','Male','6/3/2024','9747393949','Lakshmi Dixit','10th','3967',21475,'AI-1','Ongoing',7967),(12,'H.No. 10, Bhardwaj Chowk, Coimbatore-887514','MS-Office','24853','1468','7/4/1997',8010,'90','manisaanvi@yahoo.com','Male','12/9/2024','2746902535','Deepa Bhargava','PG','3487',23385,'MB-1','Ongoing',3487),(13,'H.No. 150, Dara Ganj, Hapur 378719','MS-Office','23220','1517','5/10/1995',4359,'90','jiyaganguly@hotmail.com','Others','5/7/2025','9.16E+11','Lakshmi Date','12th','4686',21703,'MB-1','Upcoming',4686),(14,'H.No. 979, Shankar, Durgapur 463147','Java','23569','1454','6/26/2005',1406,'90','wchana@yahoo.com','Others','2/2/2024','9.18E+11','Swathi Guha','Degree','3345',22115,'JB-1','Ongoing',3345),(15,'H.No. 952, Badami Chowk, Bikaner-222248','AI','12961','1812','2/23/2003',8181,'90','divyanshbal@gmail.com','Others','2/7/2025','7484199429','Divya Sant','Diploma','4751',11149,'AI-1','Upcoming',4751),(16,'84, Balay Nagar, Bellary-100801','AI','20919','1431','2/10/2004',4088,'90','kashvi55@yahoo.com','Male','7/6/2024','4847426012','Priya Gandhi','Diploma','3327',19488,'AI-1','Upcoming',3327),(17,'29/51, Borde, Gurgaon-546007','AI','24723','1768','7/28/2006',8610,'75','hdutta@hotmail.com','Male','7/20/2024','6570893404','Swathi Chakrabarti','Degree','4197',22955,'AI-1','Ongoing',4197),(18,'H.No. 409, Garde Path, Varanasi 727675','Java','23723','1817','11/21/2006',8560,'60','iyeraarush@baria-khosla.net','Male','6/21/2024','161279608','Priya Krishnan','Degree','4158',21906,'JB-1','Ongoing',4158),(19,'H.No. 61, Ravel Ganj, Rajahmundry 632750','Python with AI','17775','1681','12/12/2006',2988,'60','amiramahal@hotmail.com','Male','12/2/2023','6762673572','Deepa Yadav','Degree','4107',16094,'PB-1','Ongoing',4107),(20,'H.No. 949, Mallick Path, Hajipur-166278','Digital Marketing','12476','1371','10/25/2001',2162,'60','jhanvichaudhry@walia-dixit.com','Others','5/22/2025','9.17E+11','Lakshmi Ben','B.Tech','4694',11105,'DB-1','Upcoming',4694),(21,'80/12, Dalal Ganj, Gopalpur 922096','Digital Marketing','22588','1453','4/14/2003',6391,'90','prisha28@dua-dhillon.com','Male','2/10/2024','6444885914','Swathi Chopra','12th','4805',21135,'DB-1','Ongoing',4805),(22,'H.No. 39, Divan Nagar, Amaravati 532938','MS-Office','17970','1907','1/10/2007',5946,'60','aradhyajha@yahoo.com','Others','6/27/2025','3153629515','Divya Shanker','Degree','3775',16063,'MB-1','Ongoing',3775),(23,'131, Mangat Path, Tiruppur 472047','Java','20139','1554','12/2/2004',5174,'45','aryalagan@hotmail.com','Others','4/15/2025','1835416177','Deepa Tella','Degree','4844',18585,'JB-1','Upcoming',4844),(24,'H.No. 533, Dugar Road, Ambarnath 119230','Digital Marketing','10049','1449','1/19/1996',3541,'90','gyogi@hotmail.com','Female','12/5/2023','8461593973','Arun Salvi','12th','3734',8600,'DB-1','Upcoming',3734),(25,'23/38, Goda Chowk, Shivpuri 692760','Python with AI','21447','1088','11/3/2004',3761,'60','gdugar@yahoo.com','Female','8/31/2024','9.15E+11','Divya Dora','Diploma','4554',20359,'PB-1','Ongoing',4554),(26,'63, Seth Street, Bidhannagar-509697','Java','22709','1803','9/12/1997',8908,'60','anaya94@dhingra.biz','Male','10/18/2024','4011321244','Vignesh Butala','10th','3481',20906,'JB-1','Ongoing',3481),(27,'971, Jayaraman Circle, Srikakulam-304469','MS-Office','16144','1960','9/1/1995',1270,'60','ujha@barad.com','Male','11/11/2023','9.12E+11','Lakshmi Chaudry','Degree','4600',14184,'MB-1','Ongoing',4600),(28,'16, Bath Marg, Vadodara 072567','MS-Office','10694','1246','3/5/1996',4732,'45','nityamaharaj@barad-joshi.com','Others','3/1/2024','9.11E+11','Swathi Johal','10th','3538',9448,'MB-1','Upcoming',3538),(29,'639, Dayal Street, Noida 688430','Java','22558','1807','4/21/2002',2392,'60','kanavagate@yahoo.com','Others','12/4/2024','7592675174','Arun Agrawal','12th','3086',20751,'JB-1','Upcoming',3086),(30,'47/50, Rajagopalan Chowk, Kottayam 460853','MS-Office','23391','1722','9/18/2002',2003,'75','veer19@brar.com','Others','10/1/2024','9140883238','Deepa Hegde','Degree','3638',21669,'MB-1','Ongoing',3638),(31,'04/11, Bahri Circle, Hyderabad-224859','Digital Marketing','13890','1429','12/13/1995',5723,'45','waglesuhana@yahoo.com','Others','8/4/2024','3619155348','Vignesh Krishnan','12th','4708',12461,'DB-1','Ongoing',4708),(32,'139, Kalita Ganj, Visakhapatnam-105693','Python with AI','13653','1282','5/29/1995',3634,'45','miraanjani@sharma-bhavsar.com','Male','1/4/2025','2345517603','Vignesh Bumb','PG','3997',12371,'PB-1','Ongoing',3997),(33,'42/245, Gokhale, Ghaziabad 342981','AI','13496','1403','3/18/1995',5713,'45','vardaniyasule@kant-bhandari.org','Others','11/20/2024','5645407345','Vignesh Mammen','Diploma','4643',12093,'AI-1','Ongoing',6643),(34,'62/18, Rau Chowk, Chennai 017256','Java','20977','1264','2/25/2007',9228,'45','waglelakshit@dey-sharma.com','Others','2/9/2024','7498636410','Vignesh Sahni','Degree','3847',19713,'JB-1','Ongoing',3847),(35,'10, Rege Nagar, Haridwar-920361','MS-Office','15898','1265','7/13/1996',9280,'75','lchopra@gmail.com','Female','12/19/2023','2046443136','Mohan Sha','Diploma','4140',14633,'MB-1','Upcoming',4140),(36,'H.No. 64, Balakrishnan Circle, Firozabad 774598','Java','20845','1675','9/7/2003',8134,'60','xtailor@hotmail.com','Others','8/30/2024','618315705','Arun Loke','Degree','3268',19170,'JB-1','Upcoming',3268),(37,'84, Taneja Circle, Thane 716591','AI','18714','1883','12/3/1995',2456,'60','miraya79@rama.com','Male','4/22/2024','5761456874','Vignesh Deshpande','12th','4213',16831,'AI-1','Ongoing',4213),(38,'871, Tiwari Zila, Tiruppur 256896','Python with AI','15365','1421','9/21/2005',7842,'60','srivastavabhamini@hotmail.com','Female','4/23/2025','9.10E+11','Vignesh Cheema','10th','4999',13944,'PB-1','Ongoing',4999),(39,'63, Sinha Road, Amroha-274535','Java','21338','1314','11/14/2001',2316,'60','ritvikthakur@wali.info','Male','1/11/2024','9.10E+11','Arun Bahri','PG','4530',20024,'JB-1','Ongoing',4530),(40,'30/41, Soman Nagar, Ambarnath-201734','Java','23458','1537','3/4/2004',3990,'45','vtripathi@gmail.com','Female','11/6/2023','7636652253','Divya Wali','10th','3443',21921,'JB-1','Ongoing',3443),(41,'14/82, Hora Circle, Dewas 796440','Java','22255','1910','7/1/2005',9047,'60','rdhar@hotmail.com','Others','10/23/2024','5169523656','Karthik Seth','10th','4131',20345,'JB-1','Ongoing',4131),(42,'287, Handa Ganj, Morena 063761','AI','10913','1966','12/9/2002',4437,'60','umang57@jain-walia.biz','Female','3/20/2025','1755763209','Divya Kibe','12th','4390',8947,'AI-1','Ongoing',4390),(43,'25/920, Shanker Nagar, Ajmer 521743','Digital Marketing','22557','1502','5/3/1998',7632,'45','mahikawalla@gmail.com','Female','10/22/2023','2259692290','Priya Chad','Degree','3531',21055,'DB-1','Upcoming',3531),(44,'947, Brahmbhatt Road, Nandyal-223673','Digital Marketing','21380','1417','2/12/2005',5265,'60','oghose@hotmail.com','Female','1/30/2024','8194614257','Karthik Bandi','B.Tech','4840',19963,'DB-1','Upcoming',4840),(45,'H.No. 27, Baria Ganj, Vijayanagaram-718944','Python with AI','16974','1594','9/19/1994',8644,'90','ivana76@seth.com','Others','4/20/2024','9.15E+11','Deepa Tata','PG','4281',15380,'PB-1','Ongoing',4281),(46,'H.No. 810, Seth Path, Nandyal-228385','Java','23917','1442','1/22/2003',6009,'75','bahladvik@sami-vasa.com','Others','11/27/2023','9.15E+11','Divya Lalla','B.Tech','4274',22475,'JB-1','Upcoming',4274),(47,'H.No. 645, Bera Road, Mirzapur-151195','Digital Marketing','13532','1366','2/11/2000',4316,'60','jramachandran@yahoo.com','Male','7/29/2025','6958119676','Swathi Samra','Degree','3611',12166,'DB-1','Ongoing',3611),(48,'37/19, Issac Nagar, Burhanpur-709641','Python with AI','16561','1687','10/6/2005',2828,'60','nishith77@gmail.com','Others','2/25/2025','8096917549','Swathi Seshadri','Diploma','3562',14874,'PB-1','Ongoing',3562),(49,'39/63, Sunder Road, Nanded-407337','Python with AI','18955','1844','3/31/2004',9959,'90','jahuja@dhar.com','Female','1/6/2024','6350690941','Ravi Bedi','B.Tech','4612',17111,'PB-1','Ongoing',4612),(50,'637, Chad Marg, Guwahati-622993','MS-Office','12194','1435','5/6/1996',3512,'45','zainasagar@grewal.com','Others','6/17/2024','8622953364','Ravi Tank','B.Tech','4383',10759,'MB-1','Upcoming',4383),(51,'H.No. 388, Uppal Nagar, Kalyan-Dombivli-270973','Digital Marketing','13999','1820','8/15/2000',7347,'90','usagar@gmail.com','Male','10/3/2024','5155642210','Karthik Bhandari','PG','4410',12179,'DB-1','Upcoming',4410),(52,'H.No. 26, Master Nagar, Shahjahanpur 358463','Java','23556','1636','9/14/1995',6709,'45','xbahri@hotmail.com','Others','1/29/2025','9.10E+11','Swathi Saini','10th','3103',21920,'JB-1','Upcoming',3103),(53,'H.No. 424, Loke Circle, Hindupur-977417','AI','20307','1563','7/21/2007',1513,'60','tiya88@hotmail.com','Female','7/9/2024','9.14E+11','Arun Tailor','Degree','3408',18744,'AI-1','Ongoing',3408),(54,'H.No. 80, Gaba Ganj, Durgapur-853551','Java','21711','1120','8/24/1998',8545,'60','neysadhingra@hotmail.com','Male','1/11/2024','1350669149','Ravi D’Alia','10th','3826',20591,'JB-1','Upcoming',3826),(55,'839, Raman Circle, Karimnagar 819662','Java','24353','1448','3/20/1995',5906,'45','bhamini32@chander.com','Female','3/19/2025','1791609612','Ravi Bora','B.Tech','3928',22905,'JB-1','Ongoing',3928),(56,'545, Basak, Amaravati-010444','Digital Marketing','16571','1432','12/4/1995',2080,'60','lavanya08@gmail.com','Female','4/9/2025','9.13E+11','Priya Ravel','PG','4984',15139,'DB-1','Ongoing',4984),(57,'28, Sharaf Circle, Serampore-353824','Python with AI','13802','1177','8/10/1995',7258,'75','anneayesha@yahoo.com','Female','8/19/2024','5067506305','Karthik Yohannan','B.Tech','4723',12625,'PB-1','Ongoing',4723),(58,'75, Iyer Nagar, Thrissur 845888','Python with AI','12510','1747','3/18/2003',1319,'60','krishkrish@hotmail.com','Others','4/14/2025','9.13E+11','Divya Kamdar','12th','4122',10763,'PB-1','Upcoming',4122),(59,'89, Dhawan Circle, Bettiah-402132','MS-Office','21628','1600','1/24/2007',6448,'75','sahilbhasin@upadhyay.com','Female','12/8/2023','4428579172','Deepa Sangha','PG','4368',20028,'MB-1','Ongoing',4368),(60,'62/67, Raman, Bongaigaon-337257','Java','16151','1703','7/26/2005',4059,'90','umangkarnik@gmail.com','Female','10/13/2024','1069997909','Divya Gandhi','12th','3610',14448,'JB-1','Ongoing',3610),(61,'80/369, Bajwa Path, Ranchi-654981','AI','24049','1898','10/26/1998',4957,'75','adahhayer@yahoo.com','Others','1/28/2024','1105337877','Swathi Bedi','PG','3801',22151,'AI-1','Upcoming',3801),(62,'H.No. 264, Wali Road, Kottayam-334549','Python with AI','14412','1809','3/9/1999',7060,'90','zsood@bajaj.com','Male','12/18/2023','4186463941','Ravi Gopal','12th','3793',12603,'PB-1','Upcoming',3793),(63,'H.No. 54, Talwar Ganj, Nizamabad-635562','Java','16952','1178','12/25/1995',1319,'45','kartikatwal@dixit.net','Others','5/28/2025','9.20E+11','Swathi Jaggi','Degree','4908',15774,'JB-1','Ongoing',4908),(64,'H.No. 07, Barad Zila, Kakinada 522438','Digital Marketing','16873','1686','9/10/2006',2570,'45','shalv88@ravel.com','Female','9/10/2024','9.10E+11','Swathi Ghose','10th','3889',15187,'DB-1','Ongoing',3889),(65,'96/988, Edwin Street, Bulandshahr 183671','Python with AI','23086','1837','1/9/1997',8510,'90','ishaanbarad@halder.com','Male','7/1/2024','366000212','Karthik Sachdeva','PG','4603',21249,'PB-1','Upcoming',4603),(66,'64, Rattan Marg, Ramagundam-003474','AI','12377','1757','12/26/1999',2841,'90','saanviedwin@dalia.com','Male','10/28/2024','9596820335','Mohan Wali','Degree','3543',10620,'AI-1','Ongoing',3543),(67,'04/729, Uppal Path, Guna 566354','AI','20322','1947','9/15/2005',6077,'60','avohra@wali.biz','Female','2/5/2024','6201070','Ravi Bhakta','12th','4232',18375,'AI-1','Ongoing',4232),(68,'746, Bava Marg, Durgapur-348465','Digital Marketing','24223','1299','6/19/1995',1769,'90','ishita48@yogi.net','Female','2/7/2025','3709635223','Arun Swaminathan','10th','4689',22924,'DB-1','Upcoming',4689),(69,'03/344, Tella Chowk, Jodhpur-807598','AI','13922','1782','4/29/2007',8378,'75','thamanindranil@hotmail.com','Male','2/26/2024','6205041291','Divya Sarkar','PG','3747',12140,'AI-1','Ongoing',3747),(70,'00, Dada Circle, Bhind-278854','Java','24951','1393','3/19/2001',1343,'45','karanpriyansh@gmail.com','Others','5/24/2025','6105005608','Deepa Raj','10th','3335',23558,'JB-1','Upcoming',3335),(71,'995, Vasa Ganj, Machilipatnam-399415','Java','20308','1202','2/5/2004',7712,'45','rohanbutala@doctor-iyer.com','Male','10/7/2023','5353423321','Vignesh Dugar','12th','4189',19106,'JB-1','Ongoing',4189),(72,'693, Dugal Road, Satna-200427','Python with AI','13214','1869','11/27/1997',1232,'75','kismatdhingra@gmail.com','Others','3/6/2025','9.19E+11','Mohan Dhingra','12th','3522',11345,'PB-1','Ongoing',3522),(73,'686, Biswas Circle, Jammu 319901','AI','13123','1832','4/3/2003',5518,'75','anahi13@anand-bose.org','Others','6/15/2025','9.15E+11','Ravi Sarma','B.Tech','4686',11291,'AI-1','Ongoing',4686),(74,'H.No. 730, Bir Nagar, Gopalpur-613410','Python with AI','10089','1523','4/22/2002',7962,'60','ivanahalder@suri.com','Male','10/23/2024','9.15E+11','Mohan Tiwari','Degree','3915',8566,'PB-1','Ongoing',3915),(75,'280, Bhasin Circle, Indore-926634','AI','18051','1252','3/7/2003',4285,'60','chakrabartiindrans@yahoo.com','Others','8/14/2024','3395632550','Vignesh Handa','12th','4662',16799,'AI-1','Ongoing',4662),(76,'62/29, Ranganathan Marg, Kolkata-370757','Java','21210','1345','2/12/1998',4352,'75','vaidyafarhan@yahoo.com','Female','12/15/2023','9.18E+11','Ravi Hegde','10th','4279',19865,'JB-1','Ongoing',4279),(77,'15/60, Badami Ganj, Chittoor 254645','MS-Office','13655','1340','4/12/2003',9452,'75','mirayamahal@yahoo.com','Female','3/2/2025','4409704123','Ravi Kapur','10th','3976',12315,'MB-1','Upcoming',3976),(78,'46/11, Dalal, Visakhapatnam 646445','Digital Marketing','22694','1593','12/31/2005',9699,'45','vanya51@yahoo.com','Female','11/21/2023','9821600199','Divya Bahri','Diploma','3829',21101,'DB-1','Upcoming',3829),(79,'H.No. 59, Loke Road, Morbi 962295','Digital Marketing','10427','1025','1/7/1996',1871,'90','ivanagole@hotmail.com','Female','8/18/2023','9.18E+11','Swathi Sawhney','10th','4212',9402,'DB-1','Ongoing',4212),(80,'05/18, Krishnan Ganj, Salem 110275','AI','17600','1070','10/24/2003',1131,'60','sanadube@yahoo.com','Female','2/16/2025','2910338829','Karthik Dhillon','10th','4223',16530,'AI-1','Ongoing',4223),(81,'426, Kuruvilla, Ambattur 291574','Digital Marketing','19423','1284','3/26/1997',5698,'75','harialia@raval-sahota.com','Others','2/8/2025','9.19E+11','Arun Dhar','10th','4513',18139,'DB-1','Ongoing',4513),(82,'997, Gola Street, Nandyal-170587','Python with AI','11202','1634','1/29/2004',5570,'60','indrajitbhagat@hotmail.com','Male','10/6/2024','3053059542','Swathi Bakshi','Degree','4874',9568,'PB-1','Ongoing',4874),(83,'58/65, Sangha Chowk, Ajmer 337746','Python with AI','10933','1522','7/19/1998',2001,'45','isathe@gmail.com','Male','8/23/2024','9.14E+11','Lakshmi Shetty','Degree','3287',9411,'PB-1','Upcoming',3287),(84,'44/54, Sachar Chowk, Loni 738760','Digital Marketing','16544','1940','1/2/2000',9947,'90','jayesh30@ramanathan.com','Male','12/8/2023','4396682142','Priya Sane','B.Tech','4855',14604,'DB-1','Ongoing',4855),(85,'H.No. 426, Sastry Zila, Morena 763447','MS-Office','14024','1751','7/30/2006',3999,'45','nitarathakkar@yahoo.com','Female','8/31/2023','9.19E+11','Karthik Bhavsar','Degree','4489',12273,'MB-1','Upcoming',4489),(86,'22/57, Shetty Street, Arrah-702965','Java','24268','1306','12/9/2000',8645,'45','magartrisha@yahoo.com','Male','4/10/2024','6136320723','Deepa Lala','12th','4301',22962,'JB-1','Ongoing',4301),(87,'444, Chakraborty Zila, Etawah 089004','MS-Office','11914','1767','12/28/1995',1355,'75','shray72@chakrabarti.com','Others','4/24/2025','9.13E+11','Mohan Choudhry','B.Tech','4499',10147,'MB-1','Ongoing',4499),(88,'H.No. 78, Sabharwal Path, Anantapuram 479729','Digital Marketing','23888','1704','6/24/2003',8224,'60','shray88@hotmail.com','Others','7/23/2024','6122269228','Vignesh Ravi','10th','3636',22184,'DB-1','Upcoming',3636),(89,'68/606, Bose Zila, Asansol-016729','Python with AI','16318','1444','12/9/1998',7159,'60','samar18@yahoo.com','Male','1/6/2025','4293107960','Arun Bajaj','B.Tech','3437',14874,'PB-1','Ongoing',3437),(90,'69, Tailor Road, Jalna 786887','Java','14839','1556','5/7/1999',4727,'45','ysundaram@bhardwaj.biz','Others','5/13/2024','7314403659','Vignesh Dyal','PG','3800',13283,'JB-1','Ongoing',3800),(91,'16/54, Gara Circle, Dehradun 596347','MS-Office','22181','1786','7/10/1997',5363,'90','njaggi@gmail.com','Male','9/22/2024','4980347497','Lakshmi Deshmukh','Diploma','4164',20395,'MB-1','Upcoming',4164),(92,'73/93, Maharaj Chowk, Noida-081928','MS-Office','23729','1113','12/29/2001',8450,'45','nakul06@yahoo.com','Female','9/2/2024','2655236789','Priya Krishnan','10th','3792',22616,'MB-1','Upcoming',3792),(93,'H.No. 618, Rajagopalan, Gandhinagar 247056','Java','21180','1679','11/5/2004',9778,'60','mohanlalsur@bakshi.org','Others','11/8/2023','2420470748','Deepa Walia','12th','3274',19501,'JB-1','Ongoing',3274),(94,'47/496, Koshy Zila, Saharanpur-132996','Digital Marketing','20622','1216','11/19/1997',8204,'60','kapadiamishti@bhat.org','Others','5/16/2024','4204637769','Deepa Seth','Degree','3153',19406,'DB-1','Upcoming',3153),(95,'H.No. 882, Wadhwa Chowk, Pune 937949','Python with AI','14802','1677','2/5/1995',9279,'90','quppal@datta-ahluwalia.com','Female','8/22/2023','7346732880','Ravi Dass','Diploma','4615',13125,'PB-1','Ongoing',4615),(96,'H.No. 820, Mannan Ganj, Parbhani-175439','Java','12662','1933','9/19/2001',5184,'75','sakshamram@sampath-sane.biz','Others','1/30/2024','6143812737','Mohan Chaudhuri','PG','4191',10729,'JB-1','Ongoing',4191),(97,'05, Bansal Marg, Karaikudi 611176','Python with AI','22037','1859','7/9/1995',8539,'45','haurora@gmail.com','Female','3/11/2024','6620733172','Lakshmi Rajagopalan','10th','3412',20178,'PB-1','Upcoming',3412),(98,'85/372, Varughese Chowk, Aligarh 743449','Python with AI','13055','1218','6/15/2004',6799,'60','indrans75@gmail.com','Female','12/13/2023','7106877911','Ravi Rau','12th','3309',11837,'PB-1','Upcoming',3309),(99,'H.No. 39, Devi Circle, Tinsukia-764507','Digital Marketing','12153','1229','3/14/1996',3004,'60','aaryahivenkataraman@chokshi.com','Female','7/11/2025','8647149610','Divya Sarna','B.Tech','4203',10924,'DB-1','Upcoming',4203),(100,'H.No. 64, Sridhar, Bilaspur 433818','AI','21651','1514','5/31/2007',6929,'75','dsamra@edwin-sankar.com','Male','9/6/2023','747210170','Priya Sinha','Degree','4314',20137,'AI-1','Upcoming',4314),(101,'05/67, Divan Zila, Aligarh 331881','Digital Marketing','15059','1191','2/18/2002',2437,'60','gourvidur@yahoo.com','Male','3/19/2024','3689080182','Vignesh Shere','Diploma','3916',13868,'DB-1','Ongoing',3916),(102,'53/72, Chaudry Zila, Tiruvottiyur-439675','Python with AI','18246','1132','3/29/1995',4745,'45','wrastogi@kant.com','Others','2/15/2025','2678850896','Swathi Wagle','10th','4968',17114,'PB-1','Upcoming',4968),(103,'351, Kara Street, Ambarnath 571706','Java','21851','1496','3/23/2002',8162,'75','shayak87@hotmail.com','Female','5/20/2025','1366379516','Ravi Saini','Diploma','4830',20355,'JB-1','Upcoming',4830),(104,'H.No. 21, Amble Road, Gangtok 422316','Java','24353','1127','2/5/2004',1084,'45','reneedash@singh-sawhney.com','Male','3/16/2025','8178698989','Mohan Sule','Degree','3419',23226,'JB-1','Upcoming',3419),(105,'36/304, Savant, Kurnool 100222','MS-Office','23779','1505','1/10/2005',3417,'60','renee48@yahoo.com','Others','8/27/2024','2398182298','Deepa Das','PG','3960',22274,'MB-1','Ongoing',3960),(106,'H.No. 13, Kapadia Nagar, Dharmavaram 044145','MS-Office','14486','1918','12/5/1996',7338,'45','lavanyakorpal@sawhney-borah.com','Others','10/17/2023','9.17E+11','Karthik Wali','B.Tech','4879',12568,'MB-1','Upcoming',4879),(107,'91/14, Grewal Circle, Amravati 393131','MS-Office','17578','1132','12/23/2004',1053,'45','ekala@aggarwal.net','Male','7/4/2024','9806254441','Lakshmi Butala','12th','4696',16446,'MB-1','Upcoming',4696),(108,'435, Kakar Circle, Jamnagar 999791','Java','19792','1506','6/27/1998',8235,'75','ndubey@mahajan-sule.biz','Male','2/5/2024','9.14E+11','Swathi Uppal','B.Tech','4991',18286,'JB-1','Upcoming',4991),(109,'H.No. 640, Tandon, Vasai-Virar 100187','AI','20416','1982','6/21/2001',8534,'45','anyadesai@bajwa.biz','Male','8/12/2024','9.16E+11','Deepa Sarraf','Degree','4944',18434,'AI-1','Ongoing',4944),(110,'H.No. 40, Jha Ganj, Belgaum 692632','AI','15885','1147','7/20/2004',8145,'75','trisha20@goel.biz','Female','10/9/2023','9.15E+11','Divya Ramanathan','Diploma','4509',14738,'AI-1','Upcoming',4509),(111,'H.No. 229, Apte, Ghaziabad 348646','Digital Marketing','12556','1402','4/1/1995',6300,'75','sakshamissac@dara.biz','Male','1/10/2024','9.11E+11','Arun Suri','B.Tech','4208',11154,'DB-1','Ongoing',4208),(112,'48/265, Bhatnagar Circle, Allahabad 747703','Java','13742','1411','2/5/2003',8534,'60','damini56@hotmail.com','Male','11/2/2024','7082842640','Divya Kala','10th','3077',12331,'JB-1','Ongoing',3077),(113,'458, Borah, Ulhasnagar-391230','Java','20134','1152','1/29/2006',5672,'45','khoslajayant@hotmail.com','Female','10/10/2023','1727041548','Divya Yogi','B.Tech','3116',18982,'JB-1','Ongoing',3116),(114,'H.No. 68, Subramaniam Circle, Agartala-967559','Java','14467','1834','5/1/1996',3768,'90','butalaeva@yahoo.com','Female','4/25/2024','8859758460','Lakshmi Chowdhury','10th','4626',12633,'JB-1','Upcoming',4626),(115,'069, Sen Ganj, Kamarhati 324179','Python with AI','19452','1692','12/20/1998',8450,'45','sana41@goyal-batra.info','Female','11/2/2023','8166934307','Ravi Bhat','10th','3095',17760,'PB-1','Upcoming',3095),(116,'570, Aggarwal Chowk, Sultan Pur Majra-239900','Digital Marketing','11378','1632','8/3/2005',2373,'90','aarav31@wagle-chana.com','Others','11/16/2024','4601368005','Priya Bawa','B.Tech','4942',9746,'DB-1','Upcoming',4942),(117,'94/66, Dash Nagar, Aizawl-106348','Python with AI','17010','1236','8/16/2000',1694,'75','harishamik@manda-suri.info','Female','9/9/2023','7544552056','Karthik Manda','Degree','3982',15774,'PB-1','Upcoming',5982),(118,'H.No. 17, Dash Street, Satara-462516','Java','17144','1136','1/20/1997',5860,'60','sanghapriyansh@solanki.com','Others','6/29/2024','9961105807','Lakshmi Bhatia','12th','3168',16008,'JB-1','Upcoming',3168),(119,'40, Chandran Ganj, Erode-588804','Java','15152','1511','11/20/2000',3320,'75','cchandra@varghese-iyer.info','Male','4/13/2025','1888477341','Deepa Sarkar','B.Tech','3336',13641,'JB-1','Upcoming',3336),(120,'72/66, Dugar Zila, Bhilwara 777293','AI','12195','1623','8/30/1995',6225,'45','raghavsankar@yahoo.com','Female','7/22/2024','3572747625','Arun Dhingra','B.Tech','4490',10572,'AI-1','Ongoing',4490),(121,'H.No. 685, Choudhury, Ulhasnagar 576867','MS-Office','12598','1183','12/1/1996',6502,'75','mannat37@yahoo.com','Female','10/31/2024','9.13E+11','Lakshmi Jaggi','PG','3807',11415,'MB-1','Ongoing',3807),(122,'37/233, Jayaraman Path, Bhilai 460408','Digital Marketing','13598','1094','1/9/2002',1985,'90','sampathsamiha@hans-dugal.com','Female','2/22/2024','4499574849','Swathi Sule','PG','4511',12504,'DB-1','Upcoming',4511),(123,'32/79, Tripathi Ganj, Surendranagar Dudhrej-576283','MS-Office','12368','1238','9/28/2006',9206,'60','pdesai@badal.com','Male','6/9/2024','9.20E+11','Swathi Char','B.Tech','3897',11130,'MB-1','Upcoming',3897),(124,'21/09, Tailor Marg, Udupi 459299','Python with AI','16515','1609','1/2/2006',4968,'60','dalalfarhan@yahoo.com','Female','5/11/2024','9754037831','Mohan Karan','12th','3204',14906,'PB-1','Ongoing',3204),(125,'18/653, Sankar, Dehradun-356109','MS-Office','22762','1226','6/14/2001',8304,'75','thakkarfaiyaz@gmail.com','Female','5/6/2025','2615822146','Arun Kapur','PG','4003',21536,'MB-1','Upcoming',4003),(126,'51/209, Krishnan Circle, Ongole-785599','MS-Office','16806','1706','12/18/2006',3672,'90','arhaan33@sarkar.biz','Others','8/3/2024','3700125590','Vignesh Kaul','10th','3248',15100,'MB-1','Ongoing',3248),(127,'60, Choudhary Road, Kadapa-146569','Python with AI','14361','1078','10/24/1999',3169,'45','cchawla@yahoo.com','Male','9/22/2023','8453419875','Swathi Kohli','Degree','3381',13283,'PB-1','Ongoing',3381),(128,'62/41, Sarin Road, Jalandhar-842236','Java','11880','1543','2/8/2003',1695,'45','jayesh92@yahoo.com','Male','10/22/2024','9.12E+11','Ravi Choudhary','PG','3751',10337,'JB-1','Ongoing',3751),(129,'H.No. 85, Manne Chowk, Singrauli 998125','Digital Marketing','10142','1807','7/4/2001',1483,'75','mdoshi@sant-thaker.info','Others','11/13/2023','4312305836','Karthik Chopra','B.Tech','4823',8335,'DB-1','Upcoming',4823),(130,'H.No. 101, Wagle Road, Berhampur-924256','AI','24824','1134','12/3/1996',8793,'45','johalehsaan@bhat.com','Female','6/20/2024','9.13E+11','Deepa Kaur','10th','3328',23690,'AI-1','Upcoming',3328),(131,'H.No. 07, Chacko Path, Tadepalligudem-432263','MS-Office','13481','1943','8/12/2003',6612,'60','suraonkar@singh.com','Female','4/12/2024','2064354513','Swathi Mahal','Diploma','3445',11538,'MB-1','Upcoming',3445),(132,'H.No. 49, Sanghvi Marg, Giridih-277710','Java','23058','1666','6/15/1996',7966,'75','okapur@gmail.com','Female','2/4/2025','9.12E+11','Priya Dasgupta','PG','3661',21392,'JB-1','Ongoing',3661),(133,'83, Chadha Road, Bihar Sharif-389451','Digital Marketing','17843','1384','3/5/2005',4572,'75','sumerlalla@hotmail.com','Male','6/16/2025','2686377269','Divya Dugar','Diploma','4639',16459,'DB-1','Ongoing',4639),(134,'275, Dash Nagar, Anantapuram 405736','MS-Office','21482','1749','9/5/2006',9927,'45','kapoornayantara@hotmail.com','Female','3/21/2024','9159917625','Ravi Dugar','10th','4520',19733,'MB-1','Upcoming',4520),(135,'H.No. 486, Solanki Path, Barasat 836059','AI','24496','1442','10/9/2000',2837,'60','ishitabhatt@khatri-shankar.com','Male','8/18/2024','2686866923','Lakshmi Sule','PG','3948',23054,'AI-1','Upcoming',3948),(136,'37/09, Dhillon Road, Haridwar-361031','Java','24057','1464','10/2/1994',8076,'90','ivandhaliwal@yahoo.com','Others','5/9/2024','9.14E+11','Priya Dar','Degree','3905',22593,'JB-1','Upcoming',3905),(137,'11/352, Vyas Path, Nanded 610555','Java','20600','1486','7/7/1997',2427,'60','tcontractor@hotmail.com','Male','9/8/2024','9872232736','Arun Sane','10th','3175',19114,'JB-1','Ongoing',3175),(138,'49/80, Chad Chowk, Bareilly 335324','MS-Office','13770','1353','1/30/2006',4027,'45','mangatmanjari@bose.com','Female','1/29/2025','9.15E+11','Lakshmi Bora','PG','3828',12417,'MB-1','Upcoming',3828),(139,'82, Guha, Machilipatnam-441066','AI','21153','1606','11/12/1996',7306,'75','desainitara@thaman.info','Male','11/15/2024','4540142791','Swathi Gara','10th','4899',19547,'AI-1','Ongoing',4899),(140,'41/841, Sampath Street, Bareilly-232652','Digital Marketing','20662','1311','1/25/2003',2561,'60','ygrewal@setty.org','Female','11/29/2023','326855299','Divya Dhawan','PG','4340',19351,'DB-1','Upcoming',4340),(141,'H.No. 943, Sankar Street, Bhilai 009270','Python with AI','15310','1823','7/16/1999',7541,'90','rohan66@yahoo.com','Others','11/29/2024','4584437776','Swathi Banik','B.Tech','3721',13487,'PB-1','Upcoming',3721),(142,'70/23, Biswas Ganj, Singrauli-253219','Java','15372','1434','12/24/1998',6673,'60','obhasin@ahluwalia.com','Male','11/13/2024','188640123','Priya Shere','10th','4219',13938,'JB-1','Upcoming',4219),(143,'762, Randhawa Chowk, Saharsa 365940','MS-Office','23204','1789','3/8/2002',2287,'60','samarth70@garg.com','Others','9/18/2024','6631886769','Mohan Bhasin','B.Tech','4533',21415,'MB-1','Upcoming',4533),(144,'55/525, Dhar Chowk, Ozhukarai-883615','AI','11476','1121','3/31/2007',4406,'75','banerjeeahana@magar.info','Female','10/13/2023','9.17E+11','Lakshmi Johal','Degree','3354',10355,'AI-1','Ongoing',3354),(145,'521, Bora Nagar, Nagpur 872176','MS-Office','17380','1140','9/5/1999',3511,'90','zviswanathan@hotmail.com','Others','8/28/2024','9.16E+11','Divya Bhandari','B.Tech','4685',16240,'MB-1','Upcoming',4685),(146,'34/09, Balay Marg, Uluberia-569500','Java','24279','1413','2/24/1995',2095,'45','balaneshani@yahoo.com','Male','8/22/2023','9.11E+11','Deepa Khanna','B.Tech','4067',22866,'JB-1','Ongoing',4067),(147,'541, Sodhi Chowk, Darbhanga-716653','AI','15989','1363','2/12/2006',1256,'75','usane@hotmail.com','Others','4/21/2024','150821204','Vignesh Badal','10th','3421',14626,'AI-1','Ongoing',3421),(148,'H.No. 52, Dutt Path, Patna-174359','AI','17090','1212','8/11/2005',9735,'60','chahalpranay@hotmail.com','Female','1/26/2024','6850826146','Karthik Dhillon','Degree','4323',15878,'AI-1','Upcoming',4323),(149,'46, Swaminathan Zila, Korba 343877','MS-Office','22520','1034','4/6/1995',6866,'60','samiha25@issac.com','Others','7/24/2024','9168876758','Vignesh Tripathi','10th','4113',21486,'MB-1','Ongoing',4113),(150,'70/319, Grewal Circle, Bhopal-116077','Python with AI','14631','1152','10/12/2000',6684,'45','doshitara@hotmail.com','Male','11/16/2024','4322821885','Swathi Mani','B.Tech','4867',13479,'PB-1','Ongoing',4867),(151,'H.No. 53, Venkatesh, Guntakal-009657','Digital Marketing','15021','1308','9/30/2002',8149,'60','keyaarora@yahoo.com','Others','5/7/2024','973246608','Karthik Shan','Degree','3612',13713,'DB-1','Upcoming',3612),(152,'88, Gole, Durgapur 548596','MS-Office','19230','1927','4/3/1998',3788,'45','rheabora@roy-kant.com','Female','10/10/2024','9.19E+11','Arun Banerjee','12th','4193',17303,'MB-1','Ongoing',4193),(153,'12/82, Wali Road, Visakhapatnam 815362','Java','10074','1727','12/16/1997',6220,'75','ldhingra@hotmail.com','Male','4/17/2024','6244680938','Karthik Ratti','12th','4198',8347,'JB-1','Upcoming',4198),(154,'10/770, Arya Chowk, Chapra 943289','Digital Marketing','13703','1664','12/3/2006',2110,'60','bijukurian@hotmail.com','Female','11/22/2023','9385130977','Deepa Borah','10th','3081',12039,'DB-1','Ongoing',3081),(155,'02/159, Banerjee Chowk, Chapra 355636','Python with AI','14248','1039','7/14/2004',4585,'90','hmanne@bajaj-raman.com','Female','8/5/2023','3306785041','Vignesh Mani','Degree','3033',13209,'PB-1','Ongoing',3033),(156,'H.No. 55, Keer Ganj, Nashik-478325','MS-Office','15811','1240','6/2/2004',8411,'90','fkant@bal.net','Female','12/24/2024','328007278','Divya Lala','Degree','3488',14571,'MB-1','Ongoing',3488),(157,'82, Behl Marg, Varanasi-720533','AI','18309','1566','4/6/2005',5742,'75','mchakraborty@chahal.com','Male','10/3/2023','5423888065','Ravi Kulkarni','12th','4971',16743,'AI-1','Ongoing',4971),(158,'61/30, Chaudhry Nagar, Satna-140500','Digital Marketing','17450','1891','8/7/1995',2026,'45','obhatia@yahoo.com','Others','5/30/2024','935919503','Deepa Sarkar','12th','3154',15559,'DB-1','Upcoming',3154),(159,'H.No. 10, Walla, Amravati 730364','AI','15857','1933','6/14/2007',1821,'60','nitarabhatt@yahoo.com','Female','7/7/2024','9.19E+11','Ravi Wali','12th','4981',13924,'AI-1','Upcoming',4981),(160,'H.No. 04, Saxena Street, Ahmedabad 066256','Java','12245','1459','3/23/2004',5732,'75','parisoman@hotmail.com','Others','11/11/2023','3273231893','Swathi Bail','10th','3691',10786,'JB-1','Ongoing',3691),(161,'37/898, Mall, Agra-306760','AI','13577','1897','3/21/1998',7644,'75','parinaazdhawan@hotmail.com','Male','5/29/2024','1968594356','Deepa Dara','Degree','3508',11680,'AI-1','Upcoming',3508),(162,'H.No. 343, Chaudhari Ganj, Eluru-449220','MS-Office','19814','1044','9/7/1998',8041,'75','sagarwal@gmail.com','Others','7/4/2024','9.15E+11','Mohan Bains','10th','4624',18770,'MB-1','Ongoing',4624),(163,'15/013, Keer Street, Buxar-632712','Python with AI','21681','1384','11/21/1998',3735,'75','waglekaira@bail.com','Female','1/8/2024','2449141165','Arun Rajagopalan','PG','4166',20297,'PB-1','Upcoming',4166),(164,'096, Basak Circle, Mysore-625335','Python with AI','11794','1027','8/16/2004',1936,'75','fwalla@bali-bhat.org','Female','6/13/2025','9.15E+11','Vignesh Sarraf','B.Tech','4945',10767,'PB-1','Upcoming',4945),(165,'02/24, Dhillon Road, Kadapa 595793','Java','10985','1648','11/3/1995',5237,'45','jmahajan@seth.com','Male','12/1/2024','3420689245','Karthik Sane','Diploma','3651',9337,'JB-1','Upcoming',3651),(166,'H.No. 84, Mandal Circle, Kamarhati-214491','Python with AI','15541','1718','2/23/1997',6229,'45','yjayaraman@hotmail.com','Female','6/15/2025','5466633540','Karthik Wali','Degree','3799',13823,'PB-1','Ongoing',3799),(167,'98/35, Shankar Path, Noida-620384','MS-Office','20840','1797','12/31/1999',7764,'75','hazelsahota@yahoo.com','Male','7/4/2024','9077126208','Vignesh Mann','12th','4865',19043,'MB-1','Upcoming',4865),(168,'12/261, Batta Nagar, Tirunelveli 590306','Java','15472','1079','1/21/1995',4650,'60','wdugar@shan.com','Male','1/20/2024','9.13E+11','Vignesh Bhatnagar','B.Tech','3591',14393,'JB-1','Ongoing',3591),(169,'H.No. 86, Gokhale Zila, Hajipur-534510','Digital Marketing','20041','1877','6/14/2004',2872,'90','vardaniya61@gmail.com','Female','11/22/2024','5233007096','Arun Baria','B.Tech','4600',18164,'DB-1','Upcoming',4600),(170,'129, Gera, Phusro-326923','Java','24532','1272','9/15/1998',3046,'45','sahildugar@hotmail.com','Male','10/2/2023','3006541966','Mohan Halder','Degree','4937',23260,'JB-1','Ongoing',4937),(171,'H.No. 37, Dar Zila, Dibrugarh 445046','MS-Office','14123','1499','10/26/1997',8494,'90','zoya76@chauhan-bedi.com','Others','9/17/2023','412287891','Mohan Sunder','B.Tech','4697',12624,'MB-1','Upcoming',4697),(172,'99/105, Sawhney Nagar, Amravati 303404','MS-Office','14835','1515','5/4/1995',7833,'75','aroraadira@manne.com','Female','11/25/2023','557705384','Deepa Khatri','12th','3101',13320,'MB-1','Ongoing',3101),(173,'26/53, Ganesan Circle, Deoghar 503335','Python with AI','23025','1282','10/16/2004',5501,'90','faiyaz25@shroff.com','Others','8/7/2023','313721180','Deepa Sangha','10th','4574',21743,'PB-1','Ongoing',4574),(174,'H.No. 01, Salvi Zila, Rajahmundry 046220','Python with AI','19620','1350','2/3/1996',9499,'90','sdave@walia.com','Others','12/7/2023','6781003614','Swathi Lad','PG','4594',18270,'PB-1','Upcoming',4594),(175,'H.No. 34, Borra, Patiala-572807','AI','18288','1984','10/31/1994',4520,'90','hunar01@yahoo.com','Others','10/29/2023','8994425085','Lakshmi Garde','Diploma','4480',16304,'AI-1','Upcoming',4480),(176,'57, Dasgupta Nagar, Jaipur 956329','Python with AI','13821','1600','6/7/1998',8822,'45','seshadrigokul@gmail.com','Female','10/27/2024','9.16E+11','Mohan Mani','Diploma','3563',12221,'PB-1','Upcoming',3563),(177,'16/064, Sibal, Rampur-272019','Python with AI','16873','1006','4/2/1999',6373,'60','kotharikimaya@gmail.com','Others','9/19/2023','7018135036','Divya Dutt','10th','4725',15867,'PB-1','Ongoing',4725),(178,'75, Basu Marg, Allahabad-836090','Digital Marketing','14454','1696','2/15/2001',4390,'45','ayeshakohli@dhillon.com','Others','10/31/2024','4655401848','Swathi Bhagat','B.Tech','4548',12758,'DB-1','Upcoming',4548),(179,'488, Kanda Road, Hindupur 766034','AI','16180','1194','1/23/2004',3938,'75','ptandon@gmail.com','Others','4/15/2024','1030414333','Lakshmi Barad','B.Tech','4127',14986,'AI-1','Ongoing',4127),(180,'70/691, Ray Street, Imphal-323757','Python with AI','17435','1972','10/13/1994',8023,'60','lahluwalia@yahoo.com','Female','1/27/2025','1682806322','Priya Chand','Diploma','4578',15463,'PB-1','Upcoming',4578),(181,'H.No. 111, Jayaraman Chowk, Lucknow 416628','MS-Office','24518','1815','5/13/2006',6472,'75','dishani20@soman.com','Others','4/23/2024','9.18E+11','Arun Ramakrishnan','12th','3339',22703,'MB-1','Upcoming',3339),(182,'69/66, Dara Nagar, Munger 773863','Python with AI','15757','1502','11/29/2006',7909,'75','yuvaanchoudhary@gmail.com','Male','4/6/2024','2055446008','Deepa Shetty','12th','3320',14255,'PB-1','Upcoming',3320),(183,'H.No. 978, Chaudhry Nagar, Malda-711513','Java','21835','1845','4/16/2003',7249,'90','hanshbabu@gmail.com','Others','10/27/2023','9030878536','Arun Jayaraman','Diploma','3003',19990,'JB-1','Ongoing',3003),(184,'H.No. 766, Doshi Street, Panihati-216356','Digital Marketing','10109','1422','7/26/1995',5082,'90','madhav04@choudhary.com','Others','7/6/2025','9.14E+11','Vignesh Bawa','PG','4654',8687,'DB-1','Upcoming',4654),(185,'250, Lanka Nagar, Lucknow 148344','MS-Office','12774','1875','1/9/2007',2356,'90','nirvigulati@gmail.com','Female','8/5/2024','3376560995','Arun Amble','Degree','3045',10899,'MB-1','Upcoming',3045),(186,'849, Vohra Ganj, Bhalswa Jahangir Pur 606451','Python with AI','23690','1505','10/19/2003',2890,'45','fdora@randhawa.com','Male','12/20/2023','9369385886','Divya Dada','B.Tech','3056',22185,'PB-1','Ongoing',3056),(187,'486, Hans Ganj, Tenali-010169','AI','18776','1384','12/28/1995',2055,'75','jlanka@baria.com','Male','2/29/2024','6353394177','Karthik Dasgupta','Degree','3010',17392,'AI-1','Upcoming',3010),(188,'12/059, Rege Zila, Amroha-551910','MS-Office','10617','1820','7/2/2002',2643,'75','zacharya@borra-dash.com','Others','12/2/2024','9.11E+11','Divya Tripathi','Degree','3530',8797,'MB-1','Upcoming',3530),(189,'66, Sangha Street, Guna 327602','Python with AI','23487','1069','2/25/2003',3983,'60','lavanya13@gmail.com','Male','11/21/2024','9.16E+11','Deepa Dhar','Diploma','3807',22418,'PB-1','Upcoming',3807),(190,'H.No. 399, Khalsa Street, Madanapalle 347468','MS-Office','15243','1064','6/18/2001',9092,'75','darshitchakraborty@behl.org','Female','11/3/2024','3898578843','Lakshmi Yogi','PG','4573',14179,'MB-1','Upcoming',4573),(191,'77/00, Karan Zila, Ozhukarai 219787','Java','14961','1229','8/26/2003',8333,'90','cbera@gmail.com','Male','2/2/2024','7031476845','Priya Kuruvilla','PG','3124',13732,'JB-1','Upcoming',3124),(192,'98/25, Thaker Chowk, Haridwar-227225','Python with AI','21215','1074','6/22/2000',2874,'90','dugalrohan@kade.com','Others','12/29/2024','8968865678','Priya Som','PG','3455',20141,'PB-1','Ongoing',3455),(193,'H.No. 263, Char Street, Adoni-646579','Python with AI','23585','1063','9/28/2004',4953,'45','farhan23@hotmail.com','Male','1/23/2024','5648097836','Arun Yohannan','PG','3456',22522,'PB-1','Upcoming',3456),(194,'41/53, Viswanathan Nagar, Serampore 449037','Digital Marketing','13018','1735','8/8/2006',7361,'75','pranay23@hotmail.com','Others','8/8/2023','725839334','Lakshmi Chopra','12th','3089',11283,'DB-1','Ongoing',3089),(195,'75, Bandi Street, Gudivada-809260','Python with AI','10380','1886','9/1/1994',3181,'45','anahidivan@barad.org','Others','1/14/2025','8798428203','Vignesh Salvi','PG','3126',8494,'PB-1','Upcoming',3126),(196,'62, Dalal Zila, Rampur-308775','AI','23128','1395','2/7/2006',3133,'75','yuvraj-36@hotmail.com','Female','6/30/2024','8541074903','Ravi Sekhon','B.Tech','3091',21733,'AI-1','Ongoing',3091),(197,'65, Ram Path, Belgaum-759579','Java','21118','1068','3/13/2004',5629,'45','mannehimmat@divan.com','Female','6/26/2024','1952724960','Mohan Suri','Degree','4895',20050,'JB-1','Upcoming',4895),(198,'29/32, Deep Path, Nangloi Jat 849014','Java','19286','1346','10/28/2004',8317,'75','nde@gmail.com','Others','9/25/2024','9.16E+11','Karthik Mammen','B.Tech','3389',17940,'JB-1','Ongoing',3389),(199,'H.No. 114, Kala Chowk, Rewa 418730','AI','20902','1897','8/24/1997',7110,'90','idhar@bir.info','Others','6/12/2025','3278563592','Priya Lall','12th','3236',19005,'AI-1','Upcoming',3236),(200,'001, Dhaliwal, Anand-832392','Java','22461','1392','3/18/2007',9732,'45','nehmatvasa@hotmail.com','Others','11/26/2024','9.13E+11','Ravi Shere','Degree','3509',21069,'JB-1','Upcoming',3509),(201,'H.No. 344, Chaudhuri Marg, Lucknow 490164','Java','21941','1835','4/16/2006',4574,'90','samihachatterjee@gmail.com','Female','12/1/2023','9.19E+11','Lakshmi Shukla','10th','3182',20106,'JB-1','Upcoming',3182),(202,'49/60, Mallick Zila, Hosur 611767','AI','23470','1146','7/19/2005',8689,'60','ladrania@hotmail.com','Female','4/18/2025','9.15E+11','Priya Dey','10th','3522',22324,'AI-1','Upcoming',3522),(203,'919, Ramesh, Gaya 617879','Java','14467','1536','1/10/1997',8781,'60','nishithissac@gmail.com','Female','1/21/2024','894787602','Mohan Kale','12th','3807',12931,'JB-1','Upcoming',3807),(204,'H.No. 178, Vyas, Bihar Sharif 066687','Digital Marketing','24523','1845','3/28/1996',7416,'45','hlanka@mander-hayer.com','Others','2/24/2024','9402141867','Deepa Sood','B.Tech','3328',22678,'DB-1','Ongoing',3328),(205,'H.No. 164, Sahota Nagar, Ahmednagar 291384','Java','11210','1551','11/22/1995',3012,'90','mrau@hotmail.com','Others','10/20/2024','118512672','Deepa Shetty','Degree','3776',9659,'JB-1','Upcoming',3776),(206,'93/963, Bansal Road, Latur-075050','Java','11462','1653','9/19/2001',7173,'45','dadazara@yahoo.com','Others','3/26/2024','8209355295','Mohan Hans','Diploma','4139',9809,'JB-1','Upcoming',4139),(207,'909, Dhar Marg, Malegaon-791742','Digital Marketing','14374','1758','7/17/1996',1269,'60','asabharwal@hotmail.com','Female','3/2/2024','9.14E+11','Karthik Ramesh','Diploma','3897',12616,'DB-1','Ongoing',3897),(208,'H.No. 788, Barad Path, Alappuzha-998151','Python with AI','12202','1825','8/5/2006',8564,'75','diyagandhi@yahoo.com','Female','8/5/2024','93053403','Vignesh Jha','Degree','4391',10377,'PB-1','Ongoing',4391),(209,'H.No. 25, Saraf Nagar, Ludhiana 217808','AI','17269','1231','3/17/1999',4235,'75','wchar@hotmail.com','Male','8/7/2023','2311062012','Swathi Dhar','PG','3794',16038,'AI-1','Upcoming',3794),(210,'16/436, Johal Chowk, Mau-143641','AI','14013','1979','3/20/2006',3300,'60','zjohal@hotmail.com','Male','6/25/2024','6873846276','Lakshmi Goyal','B.Tech','4833',12034,'AI-1','Upcoming',4833),(211,'493, Chand Road, Avadi-393205','AI','15826','1581','10/3/1995',2368,'60','tiyagole@raj.com','Others','5/27/2025','3371374570','Lakshmi Thaman','PG','3727',14245,'AI-1','Ongoing',3727),(212,'08, Babu Circle, Sirsa 211418','Python with AI','16038','1526','9/7/2003',4779,'90','tusharvarma@hotmail.com','Male','3/26/2025','9655394847','Arun Sachdev','10th','3477',14512,'PB-1','Upcoming',3477),(213,'05/78, Yadav Ganj, Ajmer-778396','Digital Marketing','11964','1675','7/7/2005',5945,'45','vedika76@bhakta.com','Others','8/29/2024','9.19E+11','Vignesh Lal','12th','3458',10289,'DB-1','Upcoming',3458),(214,'16/48, Arora, Jodhpur-844998','Python with AI','18365','1070','2/20/2003',5073,'90','kadehansh@hotmail.com','Female','4/14/2025','9.11E+11','Arun Bala','B.Tech','3140',17295,'PB-1','Upcoming',3140),(215,'55, Golla Marg, Gaya 436442','Java','18362','1451','6/25/2005',5436,'90','wallaseher@randhawa.com','Others','9/18/2024','9.16E+11','Ravi Bhardwaj','12th','4416',16911,'JB-1','Ongoing',4416),(216,'H.No. 933, Dalal Ganj, Ballia-677397','MS-Office','18864','1529','6/20/1998',8149,'75','ahluwaliaamira@ghosh.com','Male','10/15/2023','9785857808','Arun Chacko','10th','4931',17335,'MB-1','Ongoing',4931),(217,'03/885, Sunder Chowk, Tiruppur-445812','AI','17883','1554','2/17/2005',2257,'60','anahita12@dasgupta.com','Male','4/24/2024','5487539015','Priya Kadakia','10th','3747',16329,'AI-1','Upcoming',3747),(218,'H.No. 29, Dutt Circle, Delhi 446546','Python with AI','24309','1535','11/30/1996',2850,'45','rajagopalanhazel@bora-thaman.com','Others','6/18/2024','2013221430','Lakshmi Sankaran','12th','3012',22774,'PB-1','Upcoming',3012),(219,'67/228, Sawhney Nagar, Saharsa 924919','Python with AI','12444','1150','4/7/1997',6000,'75','yasmin47@datta-viswanathan.com','Female','3/1/2025','928521034','Deepa Bhalla','Degree','4388',11294,'PB-1','Upcoming',4388),(220,'47/279, Garde Road, Bhusawal-716383','MS-Office','18196','1840','8/29/2002',6792,'90','romilchaudhuri@khare.org','Male','2/21/2024','9.17E+11','Priya Ramaswamy','Degree','4975',16356,'MB-1','Ongoing',4975),(221,'16, Rege Zila, Singrauli-927075','Digital Marketing','14101','1478','10/3/2003',3851,'45','xmann@barman.biz','Others','9/7/2024','5164761713','Deepa Din','Degree','4147',12623,'DB-1','Upcoming',4147),(222,'079, Korpal Nagar, Bhilwara-616970','AI','11765','1458','2/6/2007',4171,'60','ishita16@hotmail.com','Male','9/25/2023','7145396','Divya Dass','10th','4245',10307,'AI-1','Upcoming',4245),(223,'64/95, Shanker Nagar, Tumkur 232508','Digital Marketing','16492','1661','1/27/2006',348,'60','khuranaishaan@barman-badal.com','Female','8/5/2024','2812969904','Deepa Thaman','10th','4007',14831,'DB-1','Upcoming',6007),(224,'48, Jani Street, Arrah-680963','AI','16456','1497','2/18/1998',4653,'60','shankerarnav@choudhry.com','Male','2/3/2025','9.18E+11','Arun Sagar','Degree','3367',14959,'AI-1','Ongoing',3367),(225,'06/71, Kaur Nagar, Ratlam 040565','AI','23269','1301','5/16/2005',9024,'45','shlok06@hotmail.com','Female','1/25/2025','9.11E+11','Deepa Goyal','Diploma','4684',21968,'AI-1','Upcoming',4684),(226,'67/860, Choudhry Ganj, Rajkot-313290','AI','24247','1010','10/27/1999',5334,'60','sgopal@bhagat.com','Female','4/19/2024','9918052291','Mohan Bansal','10th','4281',23237,'AI-1','Upcoming',4281),(227,'01, Thakkar Path, Parbhani-387118','AI','18240','1138','6/25/2000',8516,'45','rgokhale@dixit-guha.com','Male','10/11/2024','6795984416','Swathi Arora','Degree','4300',17102,'AI-1','Ongoing',4300),(228,'913, Sani Zila, Kishanganj-032464','AI','17216','1250','9/16/2005',7765,'60','farhan97@gokhale-upadhyay.info','Others','10/28/2023','5600074094','Vignesh Sarraf','PG','3711',15966,'AI-1','Upcoming',3711),(229,'H.No. 374, Dyal Road, Ambattur-913505','AI','14062','1377','8/19/2000',5553,'90','divitchada@chakrabarti-kunda.com','Others','5/19/2025','1741376710','Vignesh Lata','12th','3567',12685,'AI-1','Ongoing',3567),(230,'69/36, Ahluwalia Street, Tumkur 006124','Python with AI','20687','1905','6/4/2001',6431,'90','badalkapur@buch-das.com','Others','3/22/2025','9.17E+11','Priya Lall','12th','3547',18782,'PB-1','Upcoming',3547),(231,'H.No. 36, Aurora Path, Panipat 380632','Java','23711','1386','5/2/1998',3593,'45','emandal@gmail.com','Male','6/2/2025','9865853477','Lakshmi Kari','Diploma','3073',22325,'JB-1','Upcoming',3073),(232,'149, Basak Nagar, Chinsurah 108557','Python with AI','23587','1046','7/11/2000',1125,'75','tiyachakrabarti@bail.net','Others','3/14/2025','9.19E+11','Ravi Kari','Diploma','3451',22541,'PB-1','Ongoing',3451),(233,'H.No. 05, Suri Street, Ghaziabad 462559','Python with AI','22538','1983','11/25/1998',3473,'45','jivin43@kohli.com','Others','6/22/2024','7102392713','Vignesh Jaggi','PG','3618',20555,'PB-1','Upcoming',3618),(234,'H.No. 757, Ramanathan, Thrissur-308151','Python with AI','18860','1508','3/9/2007',5508,'45','tatareyansh@gmail.com','Others','12/26/2024','6191372725','Mohan Mannan','10th','3549',17352,'PB-1','Ongoing',3549),(235,'76, Chokshi Road, Etawah 647846','Python with AI','11958','1840','5/11/2003',7149,'60','regestuvan@hotmail.com','Others','12/6/2024','9.19E+11','Divya Kalla','B.Tech','4854',10118,'PB-1','Upcoming',4854),(236,'77/051, Rana Circle, Surendranagar Dudhrej 819894','MS-Office','18721','1276','4/8/2002',9224,'45','shanaya02@gmail.com','Female','5/7/2025','7667758701','Deepa Goda','B.Tech','4978',17445,'MB-1','Ongoing',4978),(237,'H.No. 61, Agarwal Road, Latur 740897','AI','17802','1918','7/23/2002',1018,'60','settyzain@gmail.com','Female','2/5/2025','9.16E+11','Swathi Gola','B.Tech','3809',15884,'AI-1','Ongoing',3809),(238,'H.No. 455, Rattan Nagar, Ambarnath-423781','MS-Office','20223','1325','12/18/1998',2659,'90','dhalder@gmail.com','Others','5/20/2025','7631694663','Deepa Mangal','B.Tech','4586',18898,'MB-1','Ongoing',4586),(239,'22/31, Magar Marg, Sonipat 246235','Python with AI','18014','1176','4/22/1998',1443,'45','khareshlok@saraf.info','Female','6/3/2024','6035386892','Divya Varma','10th','4460',16838,'PB-1','Upcoming',4460),(240,'63, Ganesh Circle, Tiruppur-734256','Java','11324','1479','3/21/1997',6205,'90','bhegde@yahoo.com','Male','5/31/2025','2101893395','Deepa Saxena','PG','4735',9845,'JB-1','Ongoing',4735),(241,'36, Mahajan Street, Karawal Nagar 343375','MS-Office','20249','1445','10/2/2005',9533,'60','dishani69@bava-chadha.com','Female','11/28/2023','5098289839','Priya Tata','10th','4259',18804,'MB-1','Upcoming',4259),(242,'84, Chaudhry Chowk, Darbhanga 024051','Digital Marketing','12712','1431','2/2/2001',6602,'75','samiha49@hayre-dhawan.org','Others','11/10/2023','9.16E+11','Lakshmi Gour','12th','4834',11281,'DB-1','Upcoming',4834),(243,'55/13, Shah Nagar, Burhanpur-922315','Digital Marketing','17498','1135','10/26/2001',4555,'90','jayesh97@hotmail.com','Others','12/21/2023','4621077875','Priya Karan','Diploma','4416',16363,'DB-1','Upcoming',4416),(244,'36, Ahluwalia Marg, Asansol 145117','AI','18422','1137','4/11/2005',5833,'45','wwalla@gmail.com','Others','1/22/2024','6162344212','Lakshmi Balakrishnan','12th','3535',17285,'AI-1','Ongoing',3535),(245,'H.No. 799, Sane Chowk, Ghaziabad-294910','MS-Office','19722','1366','12/21/1994',4420,'90','mmall@madan-chacko.org','Male','9/21/2024','4250544587','Ravi Jha','B.Tech','3473',18356,'MB-1','Upcoming',3473),(246,'03, Vala Chowk, Rampur-527736','AI','18903','1447','6/19/2004',1086,'90','vaibhav33@kant.info','Female','4/5/2024','9.12E+11','Karthik Ram','12th','4917',17456,'AI-1','Ongoing',4917),(247,'H.No. 462, Bhat Nagar, Kamarhati 428998','MS-Office','23618','1451','2/22/2005',5998,'60','bhavsarzain@hotmail.com','Others','4/18/2025','2608184835','Swathi Dada','PG','4645',22167,'MB-1','Upcoming',4645),(248,'59/815, Amble, Orai-356694','Java','22797','1988','6/14/1997',4633,'75','bijusarma@atwal-char.info','Others','6/8/2024','9.20E+11','Arun Yogi','10th','4509',20809,'JB-1','Upcoming',4509),(249,'H.No. 26, Dutta Street, Bharatpur-850629','Python with AI','20109','1268','3/25/2001',7570,'90','sara81@hotmail.com','Others','10/20/2023','9.12E+11','Priya Mammen','12th','3942',18841,'PB-1','Ongoing',3942),(250,'45, Master Road, Jamshedpur-121354','Digital Marketing','16323','1065','1/2/2002',1177,'60','grovershanaya@badami-mani.com','Female','10/3/2024','9.12E+11','Lakshmi Kala','PG','4069',15258,'DB-1','Upcoming',4069),(251,'196, Gokhale Circle, Gwalior 373972','AI','10295','1617','11/22/2003',7344,'75','fmaharaj@yahoo.com','Others','2/10/2025','9.13E+11','Deepa Chandra','12th','3672',8678,'AI-1','Ongoing',3672),(252,'H.No. 56, Sur Zila, Faridabad 128233','Digital Marketing','15722','1928','10/1/2006',7055,'45','glal@mani-chakraborty.info','Others','3/30/2025','5097593605','Karthik Bakshi','Diploma','3449',13794,'DB-1','Ongoing',3449),(253,'28/20, Kant Ganj, Phusro-917759','MS-Office','21277','1633','6/14/2007',5540,'90','zeeshan49@bhat-tata.com','Female','5/27/2025','9244220344','Vignesh Bhakta','10th','3957',19644,'MB-1','Ongoing',3957),(254,'859, Arya Street, Imphal-728012','Java','11025','1337','4/13/2000',8867,'60','ndass@kumer.info','Female','7/2/2024','9.16E+11','Divya Mani','B.Tech','3080',9688,'JB-1','Ongoing',3080),(255,'23/96, Garg Marg, Cuttack 725787','MS-Office','14880','1944','1/20/1999',4629,'90','jayan00@hotmail.com','Male','6/14/2025','7182459722','Ravi Dalal','10th','3448',12936,'MB-1','Upcoming',3448),(256,'52, Gaba Path, Rohtak-497081','AI','23830','1732','8/11/2006',5785,'45','yashvikhanna@subramanian.info','Others','10/3/2023','8183425505','Lakshmi Barad','PG','4174',22098,'AI-1','Upcoming',4174),(257,'829, Dar, Ujjain 221986','Digital Marketing','19549','1358','12/22/2003',9926,'45','aurorayashvi@ravi.com','Others','8/2/2024','9.13E+11','Karthik Jha','B.Tech','4042',18191,'DB-1','Ongoing',4042),(258,'41, Madan Nagar, Motihari 840826','Java','23373','1151','5/16/2007',7390,'45','balaadvika@bahl.info','Others','1/7/2024','9.12E+11','Karthik Shanker','Degree','4954',22222,'JB-1','Upcoming',4954),(259,'H.No. 345, Agate Zila, Silchar 870220','Digital Marketing','24303','1676','3/29/2001',2808,'45','msolanki@chaudry.net','Others','8/10/2023','9.16E+11','Lakshmi Doctor','B.Tech','4792',22627,'DB-1','Upcoming',4792),(260,'H.No. 591, Kibe Ganj, Orai 294532','Digital Marketing','16504','1696','2/26/2007',7288,'60','xsampath@bakshi.com','Female','4/9/2025','9.14E+11','Mohan Lad','10th','4173',14808,'DB-1','Ongoing',4173),(261,'H.No. 66, Ghosh Road, Sri Ganganagar-639505','Python with AI','14968','1621','6/14/2007',2903,'60','chaudharysahil@yahoo.com','Female','1/22/2024','6862520577','Swathi Anne','10th','4015',13347,'PB-1','Upcoming',4015),(262,'53/35, Joshi Zila, Salem 172132','AI','15383','1725','1/8/2007',4148,'60','samaira42@gaba.org','Male','1/2/2024','6602220782','Vignesh Mane','Degree','4708',13658,'AI-1','Ongoing',4708),(263,'148, Srivastava Zila, Latur 245921','Python with AI','21274','1537','6/28/1997',7213,'75','kundakeya@gmail.com','Others','1/12/2024','7137123692','Mohan Setty','PG','3246',19737,'PB-1','Ongoing',3246),(264,'74/021, Bala Nagar, Ulhasnagar 995213','Java','12380','1845','8/31/1995',3614,'45','alisha94@gmail.com','Female','10/11/2024','9.15E+11','Deepa Srinivasan','Degree','3884',10535,'JB-1','Ongoing',6921),(265,'234, Dara Zila, Durgapur 179321','Digital Marketing','12646','1728','7/18/1995',9535,'90','ikari@bali.com','Male','7/13/2024','2046101970','Divya Lata','PG','4707',10918,'DB-1','Upcoming',4707),(266,'196, Korpal Chowk, New Delhi-751354','AI','13414','1167','9/5/1997',8065,'60','ihegde@sabharwal.com','Male','7/28/2025','3286250877','Vignesh Gandhi','Diploma','4596',12247,'AI-1','Ongoing',4596),(267,'242, Borde Marg, Pali-033662','AI','14617','1107','12/30/2002',9421,'75','venkateshehsaan@hotmail.com','Others','6/11/2025','9.17E+11','Priya Aurora','Degree','3832',13510,'AI-1','Ongoing',3832),(268,'81, Chana Marg, Dhanbad 485429','AI','15363','1397','5/9/1995',4329,'75','gokul91@yahoo.com','Male','10/17/2023','9.11E+11','Priya Chaudhary','12th','4708',13966,'AI-1','Ongoing',4708),(269,'214, Karan Street, Deoghar-893198','Python with AI','11615','1898','7/21/2002',3527,'75','kimayabhatti@yahoo.com','Female','4/26/2025','4543862010','Arun Gour','10th','4528',9717,'PB-1','Upcoming',4528),(270,'H.No. 868, Bhasin Chowk, Rajpur Sonarpur 189192','AI','18920','1544','12/26/1996',5844,'75','kismat80@hotmail.com','Others','9/27/2024','8518070942','Karthik Chaudry','PG','4544',17376,'AI-1','Upcoming',4544),(271,'H.No. 845, Bal Circle, Bhilai-505951','Python with AI','18720','1244','1/2/2004',9826,'60','bwarrior@hotmail.com','Others','5/17/2025','4119003107','Swathi Lanka','12th','3722',17476,'PB-1','Upcoming',3722),(272,'928, Jha Nagar, Kochi-314592','MS-Office','20168','2000','11/23/1997',7122,'90','rheayohannan@kari.com','Male','7/10/2024','3169587314','Vignesh Bhakta','PG','3963',18168,'MB-1','Ongoing',3963),(273,'H.No. 04, Barad Circle, Panchkula 655572','Digital Marketing','15618','1930','10/10/1994',2274,'60','vermapriyansh@sabharwal.com','Male','12/6/2024','1306672022','Divya Balasubramanian','10th','3441',13688,'DB-1','Ongoing',3441),(274,'011, Seth Marg, Tadipatri-931603','Java','12141','1310','2/7/2006',9568,'90','romil09@mani.com','Male','12/15/2024','9.13E+11','Priya De','PG','4380',10831,'JB-1','Upcoming',4380),(275,'91/50, Dhar Ganj, Warangal 388071','AI','19124','1640','7/1/2004',5721,'60','edevi@yahoo.com','Others','9/19/2024','2397300639','Deepa Brar','Degree','3097',17484,'AI-1','Ongoing',3097),(276,'81/81, Chander, Sangli-Miraj & Kupwad 239880','MS-Office','14863','1624','4/5/2007',1414,'75','aaryahi93@kunda.org','Others','2/14/2025','4135331179','Mohan Chaudhari','B.Tech','4073',13239,'MB-1','Ongoing',4073),(277,'H.No. 01, Goda Zila, Malda-770663','AI','17031','1042','9/27/2000',3195,'45','manjari15@yahoo.com','Male','11/4/2024','9.18E+11','Vignesh Kalla','Diploma','4011',15989,'AI-1','Upcoming',4011),(278,'93, Bhat Path, Bally-491041','MS-Office','19278','1714','5/28/1999',2286,'75','atwalnakul@hotmail.com','Female','2/28/2024','9.11E+11','Mohan Tandon','Diploma','4626',17564,'MB-1','Upcoming',4626),(279,'70/45, Lanka Zila, Durg 284611','AI','11254','1119','3/21/2007',6007,'45','jhanvimangal@mahajan.net','Others','12/8/2023','9.15E+11','Vignesh Balay','Degree','4006',10135,'AI-1','Ongoing',4006),(280,'H.No. 69, Kashyap Marg, Dhanbad-891825','AI','16877','1769','8/5/2000',1891,'45','asabharwal@gmail.com','Female','1/19/2025','5650259039','Deepa D’Alia','12th','3326',15108,'AI-1','Ongoing',3326),(281,'65, Batra Marg, Malegaon-872101','MS-Office','11400','1837','2/18/2004',7386,'45','vivaan49@karnik.info','Others','6/13/2024','9459182663','Karthik Bora','Degree','3561',9563,'MB-1','Ongoing',3561),(282,'H.No. 41, Sachdeva Marg, Ballia-683485','Digital Marketing','21273','1503','3/17/2000',9573,'75','jivika18@yahoo.com','Male','6/2/2025','3153879599','Deepa Chakrabarti','Diploma','4688',19770,'DB-1','Ongoing',4688),(283,'64/05, Grover Circle, Dibrugarh-536989','Java','10533','1526','4/1/2006',5710,'60','advik76@gmail.com','Male','1/3/2025','1184955012','Vignesh Bal','10th','4662',9007,'JB-1','Upcoming',4662),(284,'14/744, Gala Ganj, Jaipur 064753','AI','14579','1255','6/3/2000',5041,'75','sahashamik@char.info','Female','8/24/2023','9.19E+11','Ravi Dara','PG','3184',13324,'AI-1','Upcoming',3184),(285,'H.No. 820, Chaudhary Circle, Noida 738806','MS-Office','10573','1127','12/8/1999',4067,'45','aarush51@dube.com','Others','1/31/2024','4288978161','Arun Luthra','10th','3978',9446,'MB-1','Upcoming',3978),(286,'975, Arora Street, Darbhanga-340048','Digital Marketing','12027','1395','7/6/2001',1075,'45','taran52@shukla-edwin.com','Others','7/9/2025','9.19E+11','Mohan De','B.Tech','4809',10632,'DB-1','Upcoming',4809),(287,'42/065, Mani Road, Meerut 221506','AI','13334','1247','10/18/1999',7418,'45','warrioreva@hotmail.com','Female','7/15/2024','6572325673','Arun Behl','10th','3351',12087,'AI-1','Ongoing',3351),(288,'00/79, Dixit Street, Bettiah 129968','Java','19986','1633','1/8/2000',6231,'90','lallarenee@balan.com','Others','12/7/2023','8393655534','Deepa Anne','Diploma','3984',18353,'JB-1','Ongoing',3984),(289,'H.No. 17, Boase Chowk, Gwalior-849670','Java','22356','1722','11/24/1998',5562,'45','shray80@hotmail.com','Male','2/10/2025','9.11E+11','Lakshmi Bava','B.Tech','4194',20634,'JB-1','Ongoing',4194),(290,'659, Jaggi Zila, Lucknow-902809','Java','10910','1754','3/22/1999',4873,'75','manikya99@gmail.com','Female','12/29/2024','2838050742','Mohan Jha','PG','3981',9156,'JB-1','Ongoing',3981),(291,'H.No. 630, Bava Marg, Begusarai 341175','Digital Marketing','14667','1787','7/16/2003',3499,'60','abram54@gmail.com','Female','2/20/2024','5701386973','Karthik Vyas','12th','3738',12880,'DB-1','Ongoing',3738),(292,'190, Batta Road, Pali 649477','MS-Office','10603','1820','12/29/2000',6710,'60','sakshamanand@dara-sridhar.com','Male','11/21/2023','8073141941','Vignesh Kalita','Degree','3762',8783,'MB-1','Ongoing',3762),(293,'04/213, Ghose Chowk, Jodhpur-301919','Python with AI','17397','1602','6/15/2001',6866,'60','nhayre@hotmail.com','Male','10/22/2023','9.18E+11','Deepa Kibe','Diploma','4194',15795,'PB-1','Upcoming',4194),(294,'23/093, Ganguly Street, Kamarhati 351153','Python with AI','12542','1673','2/4/2003',2508,'60','pranay99@gmail.com','Others','6/18/2024','7760683611','Mohan Cheema','PG','3354',10869,'PB-1','Ongoing',3354),(295,'621, Tripathi Circle, Secunderabad-995376','AI','22205','1374','12/3/2003',5749,'45','bhattikrish@hotmail.com','Male','4/1/2025','9.12E+11','Swathi Balasubramanian','Degree','3313',20831,'AI-1','Ongoing',3313),(296,'029, Sheth Zila, Akola-740500','AI','21811','1511','3/15/2000',4318,'60','ysant@borah-dora.com','Female','2/5/2024','9751534302','Ravi Chaudhary','B.Tech','4018',20300,'AI-1','Ongoing',4018),(297,'28/954, Singh Road, Madanapalle-256099','Python with AI','14189','1065','10/1/1997',1401,'90','siyabalan@roy.net','Others','1/27/2024','4049556328','Ravi Bhardwaj','Degree','3396',13124,'PB-1','Upcoming',3396),(298,'77/52, Sibal Marg, Pudukkottai-068336','Java','23385','1406','11/25/2001',7821,'45','tsachar@hotmail.com','Others','4/15/2024','9.19E+11','Karthik Venkataraman','10th','3709',21979,'JB-1','Ongoing',3709),(299,'65/789, Venkatesh, Tadipatri-880667','Digital Marketing','22104','1281','4/4/2004',6875,'45','guhagatik@gmail.com','Male','7/31/2024','9.12E+11','Divya Subramanian','PG','4561',20823,'DB-1','Ongoing',4561),(300,'51/79, Wagle Circle, Bardhaman-224966','AI','18143','1382','2/5/2001',1716,'45','bhavsarnirvaan@sagar-jhaveri.biz','Male','8/21/2023','6358996636','Karthik Kurian','PG','4388',16761,'AI-1','Upcoming',4388),(303,'Polt no 112  electricity colony 7th road','MS-Office','10000','2000','2025-08-20',4000,'45 days','maheshbro393@gmail.com','Male','2025-08-22','7386515754','Adahapureddi mahesh','12th','2000',8000,'MB-1','Ongoing',4000),(304,'Polt no 112  electricity colony 7th road','MS-Office','10000','2000','2025-07-28',2000,'45 days','maheshbro393@gmail.com','Male','2025-08-15','7386515754','Adahapureddi mahesh','12th','6000',8000,'MB-1','Ongoing',6000),(305,'Polt no 112  electricity colony 7th road','ai','100000','20000','2025-08-01',0,'90 days','sri@gmail.com','Female','2025-08-13','7386515754','srilekha','Diploma','50000',80000,'AI-1','Ongoing',80000),(306,'Polt no 112  electricity colony 7th road','Autocad','10000','2000','2025-07-28',5000,'50 days','maheshbro393@gmail.com','Male','2025-08-14','7386515754','karthik','12th','3000',8000,'A1','Ongoing',3000),(307,'36-52-532/1\nPalanati colony near allurisheetha ramaraju','Java','10000','2000','2024-04-04',5000,'60 days','vani@gmail.com','Female','2025-08-14','6794356786','vantha','10th','3000',8000,'JB-1','Ongoing',3000);
/*!40000 ALTER TABLE `student` ENABLE KEYS */;
UNLOCK TABLES;

--
-- Table structure for table `transaction`
--

DROP TABLE IF EXISTS `transaction`;
/*!40101 SET @saved_cs_client     = @@character_set_client */;
/*!50503 SET character_set_client = utf8mb4 */;
CREATE TABLE `transaction` (
  `id` bigint NOT NULL AUTO_INCREMENT,
  `amount` double DEFAULT NULL,
  `batch_code` varchar(255) DEFAULT NULL,
  `date_paid` date DEFAULT NULL,
  `term` varchar(255) DEFAULT NULL,
  `student_id` int DEFAULT NULL,
  PRIMARY KEY (`id`),
  KEY `FKd71rhpdlg8cjw7byfd16lg304` (`student_id`),
  CONSTRAINT `FKd71rhpdlg8cjw7byfd16lg304` FOREIGN KEY (`student_id`) REFERENCES `student` (`id`)
) ENGINE=InnoDB DEFAULT CHARSET=utf8mb4 COLLATE=utf8mb4_0900_ai_ci;
/*!40101 SET character_set_client = @saved_cs_client */;

--
-- Dumping data for table `transaction`
--

LOCK TABLES `transaction` WRITE;
/*!40000 ALTER TABLE `transaction` DISABLE KEYS */;
/*!40000 ALTER TABLE `transaction` ENABLE KEYS */;
UNLOCK TABLES;
/*!40103 SET TIME_ZONE=@OLD_TIME_ZONE */;

/*!40101 SET SQL_MODE=@OLD_SQL_MODE */;
/*!40014 SET FOREIGN_KEY_CHECKS=@OLD_FOREIGN_KEY_CHECKS */;
/*!40014 SET UNIQUE_CHECKS=@OLD_UNIQUE_CHECKS */;
/*!40101 SET CHARACTER_SET_CLIENT=@OLD_CHARACTER_SET_CLIENT */;
/*!40101 SET CHARACTER_SET_RESULTS=@OLD_CHARACTER_SET_RESULTS */;
/*!40101 SET COLLATION_CONNECTION=@OLD_COLLATION_CONNECTION */;
/*!40111 SET SQL_NOTES=@OLD_SQL_NOTES */;

-- Dump completed on 2025-08-19 13:55:31
